content,mid,like
拍完这期视频，胃里翻江倒海的，非常难受~！如果大家觉得本期对你有用，麻烦给俺个三连吧，万分感谢！[委屈],478691043,3306
这价格还想买到啥呢，味道大多中规中矩，但胜在价格便宜。一些“凡人榜”的东西，已经可以直接替代泡面了。这个算上米饭，大概≈普通泡面*2。但是量肯定也比普通泡面多。,306997520,67
"我也是重度外卖用户了，给大家分享点外卖经验:
1.一般同等价位下，包装越花哨精美，食品水平越烂。包括什么店长手写信之类的玩意儿。
2.看一下用户评价发的图，菜如果混着汁水糊烂一片，都是红烧等深色的，基本都是料理包。另外就是看厨房，不过这个现在也说不准。
3.吃现炒快餐还是选择本地连锁品牌有保证。
4.送的礼品饮料如果没有牌子不要喝，而且送的东西成本都是从食材成本里扣的，你想想。我点的正经外卖一般送汤，碰到送杂牌饮料的都料理包店。
5.料理包的竞争优势下，做小炒和盖浇的苍蝇馆子在一线城市几乎绝迹。可能料理包更加标准化和卫生，但我希望大家不要被工业化产品规训味蕾，保持点挑剔。",474572619,729
这种料理包容易出现在小碗菜的外卖里，基本上小碗菜都别信！除非见过它的线下门店，其他有怀疑的也看看商家照片，一般没堂食的我不敢吃。之前碰到一家刚开小碗菜感觉很好吃也很良心，量也大，给的垫桌纸上面还印了老板也经历过打工之类的经历心疼大家吃不饱啥的，用十几块给大家搭配了足够量有营养的饭之类的故事，还真挺感动哈哈哈。没想到后来一两个月又点了四五次，慢慢分量变少，咖喱变稀，蒸蛋都是水，整体从视频里的凡人榜变得比妖魔榜还不如。都是教训，建议打工人和学生都注意下。,282526398,3824
3元要什么自行车[大哭]我都吃3块的料理包了我在乎他健不健康好不好吃？[doge],525278172,34
非常相信这些全是科技与狠活的去看看@中国食品报融媒体 的视频，这种东西正规厂家一般生产出来的都是合规的，不过味道绝对没现做的好吃，毕竟两块钱和20块钱的差距在这里，还有最后不良商家的使用…不要相信低价有罪论[保佑],1986372508,325
本来很喜欢拉子你的，可现在……更加喜欢了[doge][doge][doge],1016756536,199
我很早就独居开始吃料理包了 现在料理包产业大了以后比以前可便宜多了  除了味道口感差一些  对付对付吃吃不出什么毛病的,823816,670
请大家不要无脑污名化看待料理包和合成肉，正规厂家生产的这类食物都是能够安全食用的，尤其是合成肉类，只是碎肉而已，肉还是肉，作为非大富大贵花钱追求性价比的普通百姓，我们要抵制的是那些违规违法的加工食品和非法商家。,197737883,218
外卖要想点炒菜必须点那种有堂食的店，最好是正儿八经的饭店。不然鬼都不知道给你用的什么，连锁店还好点是中央配送统一料理包，那种小店真的能把视频里这种东西给你送过去??,435527674,668
"tmd，我们小区门口的阿泰包子卖的菜跟视频里面的一模一样，尤其是糖醋里脊地三鲜和土豆牛肉，完完全全的一样。
他们居然还卖20多一份，以前还老是去吃，这回可算长见识了[藏狐]",163692833,38
这我太熟了，作为江西某企业料理包板块前仓管，食品安全这块还是可以放心了。当然，排骨，鸡肉，猪肉都是冻肉，调味品也都是不出名的小牌子，便宜量大但也至少都符合国家标准。,52941249,93
之前有人把这些料理包送检测部门检测过，指标都不超标，反正能吃，外卖干不干净还是要看他店面有没有堂食的地方，只做外卖的那种店面尽量少点,2100252789,105
其实我觉得没必要对料理包妖魔化，正规生产的没问题,1064481730,162
明天18岁生日可以祝我生日快乐吗,348970641,36
"我之前买过谷言的料理包 各种味道的
贼难吃 试了3包的味道 全部扔掉了",11606687,18
我注意到了最开始的鱼香肉丝拉子没测[doge][doge][doge][doge][doge][doge],51770718,22
月光旖旎照佳人，星辰共赏度中秋，在这喜乐相安、阖家欢乐的节日里，斗破苍穹祝您家家人团圆，幸福好姻缘，快乐朋友缘。(有端)[脱单doge][脱单doge][doge][脱单doge][脱单doge],432837267,47
我一个月赚几千块钱 我也想吃几百块钱的大餐 可是实力不允许,66601046,36
"疫情我屯了两箱。平均每顿饭不超过五块成本。
它本身就是熟的- -电饭煲最后三分钟倒上去焖热都行。
记得买有牌子的。再去晚上搜搜有没有负面信息。正规厂家的料理包廉价方便，营养嘛- -租房打工人都懂。",433188,2
小碗菜，盖浇饭，有一个算一个基本都是料理包,661231657,12
科技和狠活这种东西还是不要蹭了吧，小心翻车,629345453,10
"我跟拉泽住的挺近的，基本上他能点到的外卖我都能点到。我想说不要妖魔化料理包，这是工业化的必然产物，而且本身料理包是好东西，卫生口味性价比比一般馆子好多了。现在料理包的问题不在于料理包本身，而在于无良商家用伪劣产品。以拉泽吃的3块钱宫保鸡丁为例，正品牌子120-180g的宫保鸡丁差不多就这价，没什么问题。但可恶在于有些商家，用这种3块钱的包卖你20，或者用1块钱的来冒充3块钱的。
总之，认准正经牌子，料理包跟方便面本质上没多大区别。",63993103,1
海克斯本身没有错，错的是以次充好骗我钱的人 不用合格料理做的料理包，不管生成卫生，的料理包。甚至如果不是料理包你未必吃得起外卖,181076965,6
能不能测评水饺,3.46157E+15,26
每期都看，每期都白嫖，甚至连关注也没点，我做的对吗？,30165219,9
料理包我周末在家就吃，其实我觉得挺好吃，也没啥毛病，这种生存线的产品不会太脏，吃挺久没也吃出啥毛病,85458328,9
有没有味道还行的速食水饺推荐啊[脱单doge],482509971,7
神之舌的装备耐久是多少？装备特性怎么样？是否绑定？[doge],1759606302,9
讲个笑话，你所吃出来的味道绝对不是你认为的材料做的[藏狐][藏狐][藏狐],14215335,13
其实经济困难的时候能吃这个就不错了，能符合国家标准的都是没啥问题的，别看到低价就张口闭口什么科技和狠活，当个梗玩玩还行一直刷烦不烦,109302400,2
拉子哥，出一期便利店平替美食吧[doge],388237361,6
"这种算料理包吗？不太清楚，没吃过
在我印象理解，这个只能算预制菜吧？
我理解的料理包应该像方便面那种调料包，食材你自己搞，味道它都准备好了。",49508423,3
"“吃豆腐”
基本释义

来自网友贡献并经过权威书籍校验

1.方言。指调戏妇女。

2.拿某人开玩笑或调侃叫吃某人的豆腐。

3.旧俗丧家准备的饭菜中有豆腐，所以去丧家吊唁吃饭叫吃豆腐。也说吃豆腐饭。

4.占便宜，“白嫖”。",1009441146,3
佛了，那些自热饭真的赚疯了，你这一份料他至少可以装4-5包,260208203,16
料理包之间的差距也不小，品牌的会好一点，三无小厂的就拉倒了，随缘。就料理包来说比较适合的就是一些炖菜，卤菜。炒菜这种就很难做好，尤其是很多蔬菜只有现炒的才能保持口感，用料理包就成烂乎乎的一块，这也是为什么地三鲜的青椒换杏鲍菇。就卫生来说，很多外卖店能用料理包就算好的了。,29492027,1
省流[微笑]小拉裤贼喜欢吃豆腐[吃瓜]不是你们想的食物豆腐哦[doge],6225567,9
海克斯吃多了胃就习惯了，以后想窜稀的概率都降低了你懂不懂海克斯的含金量啊,490298252,7
能不能测评一下拌面和拌饭酱料[妙啊],473819400,6
之前买到过个19.8 12个菜包邮的[doge],8859296,17
料理包最少也得是5块钱以上吧，低了谁知道用了啥材料呢，反正我吃着挺好,36895380,8
"3元外卖料理包测评！！

1.宫保鸡丁料理包 3.87元/220克


[object Object]
00:46 【尝后感】内含鸡?丁、胡萝卜?丁、...",312253519,1
糖醋里脊是鸡肉做的？[脸红][哦呼][捂脸],425362141,7
我之前也买过很多料理包，单包大概四块钱，肉菜要比素菜好，up买的牌子我觉得差一点，不过我后来都是炖好多肉冻起来这么吃了，吃得更香。,596585,2
料理包卖这么便宜没有问题，你要非得说，科技与狠活谁没吃过火腿肠？？没吃过几块钱的包装鸭腿？有问题的是当成正常的菜卖,634490449,0
不如测评一下不错的料理包[doge][doge],33964801,6
"全天然香蕉
成分：纯净水（75％）、糖（12％）：【葡萄糖（48％）、果糖（40％）、（2％）、麦芽糖（＜1％）】、淀粉（5％）、纤维E460（3％）、氨基酸（＜1％）:【谷要酸（19％）、天冬氨酸（16％）、组氨酸（11％）、亮氨酸（7％）、赖氨酸（5％）、苯丙氨酸（4％）、精氨酸（4％）、缬氨酸（4％）、丙氨酸（4％）、丝氨酸（4％）、甘氨酸（3％）、苏氨酸（3％）、异亮氨酸（3％）、脯氨酸（3％）、色氨酸（1％）、半胱氨酸（1％）、酪氨酸（1％）、甲硫氨酸（1％）】、脂肪酸（＜1％）【棕榈酸（30％）、欧米加-6脂肪酸：亚麻酸（14％）、欧米加-3脂肪酸亚油酸（8％）、油酸（7％）、棕榈油酸（3％）、硬脂酸（2％）、月桂酸（1％）、肉豆蔻酸（1％）、癸酸（＜1％）】、灰（＜1％）、植物固醇、E515、草酸、E300（L-抗坏血酸）、E306（生育酚）、叶绿基甲蔡醌、硫胺素、色素：【E101（核黄素）、E160a（胡萝卜素）】、香精：【3-甲基丁-1-炔酸乙酯、2-甲基丁酸乙酯、2-甲基丙-1-醇、3-甲基丁-1-醇、2-羟基-3-甲基丁酸酯、3-甲基戊烷、乙酸异戊酸酯、戊酸乙酯】、酒精、全天然催熟剂（乙烷气），wc全是科技与狠活啊(复制的)",175531024,2
汤小鲜有一部分菜就用的料理包[无语],90213615,6
怎么越看越像我食堂的饭菜[辣眼睛],499295480,6
请问这些料理包在哪里买，可以常温储放吗，我很需要这些宝贝，来自单身的爱,1627771800,0
拉子要不测测贵点的料理包？有些料理包品质还不错，我忘了哪家，18块300克左右黑椒牛肉，上学的时候有囤，不想去食堂就买一盒米饭带回宿舍料理包扔水壶泡热了倒在饭上面。挺不错的,41497197,1
"那个豆腐，远远望去，是不是和快餐店里，泡在汤里的炸豆腐差不多。
提起吃豆腐，山东街边饭馆都有卖的那种葱烧豆腐不错，以前我就经常吃这道菜。",347341438,0
等等，如果按照up主吃的，这不是一吃就能吃出来是料理包了吗。正常应该是吃不出来区别外卖商家才会用啊,56481777,2
回一个阿泽哥[脱单doge][脱单doge][脱单doge][脱单doge][脱单doge][脱单doge][脱单doge][脱单doge],404245485,2
那我买那些稍微贵点的料理包会出事吗？真心懒得做饭[笑哭],277366476,3
哪里有这么便宜的料理包？我之前看到说料理包制作脏的新闻后想买，发现无论拼多多还是淘宝京东都是10元左右，贵死了。有链接渠道希望给个[脸红],27316319,0
买过，味道一般，还没吃完，有时候不想炒菜就搞一包，豆腐，茄子和香菇鸡肉的不错，其他的一般般,6416293,0
啊，我之前直播就是说什么时候再拍外卖一哥，结果现在就拍了[热词系列_爷青回][热词系列_爷青回],1261784475,4
料理包这玩意就跟方便面一样，图的就是方便便宜，不能对它的口味有任何期待，至于那些料理包外卖那是店家的问题，料理包的存在是合理的，大可不必赶尽杀绝,436211795,2
这种小作坊的肯定不好，，，，大牌子的倒都能放心吃,1700157554,4
第一拉泽哥快点给我点赞[脱单doge],1610073818,5
几块钱吃个料理包到也正常，就怕花了几十还吃到料理包[辣眼睛]料理包没有错，要抵制的就是无良商家。我不怎么点外卖，一个月可能都吃不了两次，胃不好，有的外卖一吃就去恶心，那样的基本上就是料理包，吃了不难受的基本上就是现做的，已经靠我的胃筛选出来几个店了[笑哭],292064679,1
省流:没有百灵鸟,602517646,5
之前懒得煮买了十包木耳肉丝一共四十多 妈的感觉是用辣椒泡出来的 人都辣麻了 一看配料表 什么小米辣 辣椒油 各种辣椒的添加剂 只能说牛逼,28117683,1
你说有没有一种可能料理包不是直接吃的[doge],517388345,3
其实料理包也没那么不堪，但这么便宜的就算了，本来就不是正常价格,8420313,5
我不知道你们发现没有，全国的烤肉拌饭好像都一个味儿，因为这个便宜嘛，，一份15左右，我就饿了偶尔点，全国三四个地方都点过，连外包装都一样，而且地址也不是饭店，都是写字楼，而且最离谱的是一个地址三个店共用，这种是预制的还是怎么做的，有谁说一下[脸红][脸红],384711518,0
料理包要不是偏咸跟包装必须带泡沫箱我也会买，现在速食最常吃的就是速冻饺子，蒸8分钟就可以吃还是很省心的,14530608,0
外卖不敢吃，都是自己做的或者去老店吃。[doge][doge],80674884,4
拉泽，你今的很紧跟时事，我今天刚在我们食堂看到料理包，然后刷b站，就刷到你的3元料理包，有点不敢吃！[大哭][大哭],176606857,0
看着都不好吃，那些说看着好吃的人到底哪里好吃了啊[笑哭]不新鲜的东西，以后感觉吃个新鲜的东西都是奢侈了，没有食物本来的香味，都是调料，腻死了,2978562,1
"说个题外话小拉泽的视频我一般都得关弹幕食用做个视频非要故意找人刷一些无聊弹幕有意思吗 ,弹幕就是让观众表达看法的 别自己找人搞得操控一样好不好[热]",354872295,0
我太喜欢白嫖啦[脱单doge],385698465,5
这期不能白嫖了[doge][doge]我太喜欢白嫖了（0/0）,616234826,3
说实话外卖料理包还是比较少的，大部分外卖是提前做好的，商家每天订单差不多都能提前控好量。跑了两年外卖，只看到一两家用料理包。,429555680,0
可以出个各价位的料理包，拉子可以多水几期视频[星瞳_mua][星瞳_mua],17388147,3
[吃瓜]料理包也参差不齐，我之前买的料理包，和意面一块热，然后浇在意面上还是不错滴,34140669,2
我们学校就是料理包，很离谱。那个阿姨也避人，就直接，从热水里，拿出来泡好的料理包，然后剪开，倒进不锈钢盆里，然后挖了一勺在我室友碗里。[思考],9053215,1
没钱的时候只有这了。比方便面强,34523346,4
来啦投币党[脱单doge],39990280,3
这期属于是试毒了，总白嫖的我终于还是动了善念，我真的，[大哭],1145485713,3
2077年，前来考古,296862468,4
每次都会把up的名字看成穿拉泽的小毛裤[洛天依_吃包群众],18207439,0
几块钱100克的肉菜，想想就不可能,497000522,3
我声明一点，我不讨厌吃料理包，我也经常买，平均下来5块左右一袋，味道能吃。但你不能让我花30块订的外卖还是我这5块的料理包。,88749986,1
"科技恨活？
科料理包是工业化食品，流水线生产的成品、半成品。",498885583,1
感觉我们学校的糖醋里脊就是用劣质料理包做的，咬下去根本没有只因肉的味道，都是油花花的脂肪[笑哭][笑哭][笑哭],1169140685,1
三块钱的料理包，那必是科技与狠活啊！我一勺三花淡奶！,12768386,0
其实吧 预制菜料理包这个东西，日本西方的国家早就有了，只不过他们的饮食比较单一 大多都是披萨 什么的日本的就是 煎饺，很正常中餐这么复杂的料理肯定是对技术有要求，还要制作环境，料理包这种百亿级的市场我建议国家就出台合适的标准来,310976794,0
纯纯的海克斯科技,275231384,3
其实不便宜啊，比如那个把子肉65g 要三块，猪肉新鲜的一斤现在也就20多吧,12671846,0
我只买过谷言的料理包，差不多五块多一包，因为第一次买，每种口味都买了点，有些吃着雀氏可以，有些不符口味的就没吃了[笑哭]三块的不知道跟那些五六块的区别大不大,1734362,1
正常我们公司调料包成本价都三四块钱一百克，你说卖出去才三四块的成本才东西[微笑],478646115,2
吃豆腐是什么梗？？？,405497445,0
无论多少经验都能水出来，这，就是水的力量。,508415052,2
那有没有10块左右的料理包，在家没事能做着吃的,29347278,0
大厂的短保料理包其实挺好的，方便，而且还能自己加菜进去做，挺不错的,3667574,2
现赞再看，养成习惯[OK],1489436414,2
有一次我想去店里吃，所以我导航过去。然后发现，只提供外卖。[怪我咯],506919008,0
不能说没钱吧，原来20外卖可以吃一顿午饭。买菜，买个鸡丁，抄一个素菜，一天可能也就20，但是要花时间。买个料理包这么便宜，只要煮个米饭，吃吃嘛算了，还能省蛮多钱，要买车买房，一切变得可以接受。,510728840,0
理论最省钱且最健康的办法就是自己买材料自己做饭，可以找那种平价店，如果比自己做还便宜那一定有鬼，又想省事又想省钱那就拿寿命换呗，一顿怎么吃都吃不死，五年十年呢？,44780950,0
外面料理包的话，如果不难吃的也不脏的话，其实也蛮好吃蛮干净的。[doge],262703837,0
像这种东西，保质期能一年，能吃？[doge],576805565,1
一句话，避开网红店，那些月销极好的网红店几乎都是料理包，因为他们那种销量不可能有时间自己做，最好还是点线下去过的店面吧，我一般也是点常光顾的线下店,260861,0
我吃过开头拉子展示了却没吃的鱼香肉丝料理包，里面的笋丝像是刚出土的竹简一样根本咬不动[辣眼睛][辣眼睛],281051786,1
料理包安全问题倒没啥，就是高油高盐容易发胖，家中器官负担，优点就是便宜，以前点一家小碗菜吃了几个月没啥问题。当然你要小资阶级没必要委屈自己，比较适合农民工和社畜以及穷学生。我自己是没准备活多少年的过一天是一天，味道过得去就行，安全吗让我活够三十，多一天都是赚的。,27768360,0
"推荐个菜单
梅油焦羊
梅油酥汁
香贝潘杏
香精煎鱼
香翅捞饭
香汤艾西鱿
香精芋圆
香虾地玉
香炖橘子
香菜凤仁鸡
香贝旺堡
圣金饼
蒸鳄心
荔枝
葡杏腩
酥山
油饼
馍蒸
蒸虾头
人参公鸡
树枝
蒸乌鱼
鸡霓苔梅
鸡肚
蒸梅酥芝
[doge][doge][doge][doge]",512151098,0
我是来挖坟的，我刚刚69买了10包的料理包，怎么没有你说的三块钱，难道他们涨价涨这么厉害[doge],385623188,0
"能把品牌名称，和厂址打在评论区吗？避免观众踩坑。
好吃的我也去买几包，不好吃就不当冤大头了。这次给你点赞投币！",383613662,0
正规的料理包其实最少可以保证卫生，毕竟用的罐头工艺，这比很多实体店强，但是拿料理包来糊弄顾客，当正常餐品的价格来卖的才是最气的。,2347705,0
我怎么从来没搜出来过这么便宜的，搜的都是6块钱以上的[笑哭]，东北物价低的好处就是料理包不说没有，但是肯定很少。[doge],2695987,0
被长沙斯塔克安利了谷言的料理包，个人感觉还可以。,21990706,2
海克斯科技[doge],83676932,2
拉子什么时候跟姬姬再联动一期[嗑瓜子],2043398151,2
作为商家我经常买料理包尝味道，不建议任何低于五块的料理包，八块以上的料理包就相当的不错，无论是味道还是食材，我以前经常去一家沙县小吃，里面有个梅菜扣肉盖饭，卖十五块一份，老板就堂而皇之的用料理包，但是是真的好吃，吊打我吃过的任何一家，这种三块的料理包不会出现在你们的外卖里的，这是靠低价骗一些年轻的老板的，谁用谁倒闭。,268687499,1
"3元外卖料理包测评！！

1.宫保鸡丁料理包 3.87元/220克



00:46 【尝后感】内含鸡?丁、胡萝卜?丁、笋丁、青豆，微辣，有胡萝卜甜味...",32533351,0
为什么只说种类不说牌子呢，虽然我只试过双汇和菜帮主这两种料理包，但同种菜都没有难吃得这么离谱的。,7972253,0
首先我认为料理包的出现就是为了方便大家快速的解决一顿早午晚餐吧，料理包的定位就不是美味好吃，就是为了方便，所以我觉得评价料理包的口味的话，或许是有点不太恰当的，当然在众多料理包中寻找一些味道还算可以的，以后经常购入一些相对好吃的料理包解决不时之需肯定是可以的，以上只是我的一些看法，还有其他看法的欢迎表达，勿喷,336414738,0
很简单，成本问题，一单外卖，平台抽多少，你再看你实际支付了多少，你觉得商家在成本之外能给你做多好的东西,688886693,1
"我猜你现在的样子[doge]
|￣（[tv_馋]）￣|
|＼⌒⌒⌒⌒⌒＼
\　\  ⌒⌒⌒⌒＼
   \    ｜⌒⌒⌒⌒⌒⌒|
　 ＼|＿＿＿＿＿＿  |",2053093348,0
"一般来说，这么便宜的都是靠味道的，用料说不定都是廉价的替代物
我这的外卖的都是现做的店铺，店铺里的不算便宜也不算贵，还不错",19775,0
哪有三块钱的料理包啊  搜了一下最便宜都要6块钱一包吧，如果有大佬能送检一下看看合不合格就好了，我不排斥低价，但是你得合格才行,2432566,0
料理包只能说绝大多数，特别内种10块钱的外卖，估计百分百料理包了，有可能米饭都是料理包速热的,65365838,1
但是现在点的外卖九成都是料理包[笑哭],395585127,1
吃料理包其实问题不太大，问题大的是用料理包当正品的价格卖你，这就有问题了,2935897,0
现在很少点外卖了。弄2个水煮蛋，蒸一些土豆南瓜，配点洋葱、蒜末，就挺好吃的，腰上的肉都慢慢变少了[笑哭]现在饮料都不喝了，健身都是喝白水，我可太省钱了[doge][doge][doge],27798742,0
up 主少吃一些料理包吧，希望你身体健康，以后我才能多加白嫖[doge]（顶我上去）,3.49308E+15,0
没有厂商吗，好吃的话，给推荐一下商家[吃瓜]名字,479757225,0
很少吃这种半成品，自从社区买菜流行起来了也买过不少。觉得最好吃的应该就是聪厨的梅菜扣肉了，简直比我做的好吃多了[笑哭][笑哭],415893831,0
我以前点外卖怕不健康还特意点小碗菜，这么一看这些年吃了好多料理包[],44748047,0
你就看美团里面的一些商家，我觉得凡是那种，连锁经营，看着就像是大牌子的那种，里面各种分类，价格就20到30，包装很精致，花一点钱还送小吃的那种，都是料理包，我有一次去打球，经过了一家店，是一个肥牛拌饭的店，而且是在一个小巷子里面，估计除了外卖没人会去吃那个，卫生真的差的可怕，站脚的地方都没有，各种纸箱子堆着,356513370,0
找一些6元左右的？外卖吃两个六元陪米饭指不定可以,35555272,1
土豆牛肉是最明显的 有的部分没热熟 夹点生的口感 不过挺好吃的 只要安全卫生就行 店家也想节约成本 料理包不容易剩吧,4702476,0
我最早吃的料理包是Muji的咖喱鸡，感觉还挺好吃的，就是这种东西长期吃肯定是不行的,5744051,0
你才外卖一哥,1876132051,0
"古人云：人饿极了，什么都吃得下。
资本家连连点头，并以此为标准严格控制食品生产成本。",4089680,0
我只买梅菜扣肉 因为太麻烦 梅菜买错好几次 口感天差地别 洗也非常麻烦 猪肉还要炸还要蒸,231268743,0
说实话，很多外卖店也不会用这种两三块的。我以前干过这个，大部分都是6块左右。有的是7块的。这种两三块的真的不敢卖[tv_笑哭],34932504,0
料理包有没有推荐的，,52647550,0
吃毛线料理包啊，三块钱可以买100克装的健身用鸡胸肉了，比那玩意肉多也健康。,520035216,0
直接老干妈辣条拌饭[脱单doge],26645078,1
还热乎还热乎,1472585708,2
这股时代浪潮挡不住，但是这样的食品交给工厂就是不行，怎么可能相信所有工厂的食品安全，有一家出问题，就可能出问题，细分到原材料工厂，一家问题，那就完蛋一大堆。看看老坛酸菜吧,208836240,0
说真的，一小时前我刚在京东搜了一波料理包，吃完饭回来刷下视频就看到这个了，大数据这么牛逼的吗？,277366476,0
第一次看这个博主的视频，肢体动作晃得我眼晕了，虽然很想看料理包测评，撤了撤了,10671469,0
就是外卖小碗菜吧[哦呼] 两荤一素外卖都得二十多,385795939,2
自己买料理包，自己加热。甚至比外卖干净。外卖店的后厨，环境很恶劣,53349482,0
四块钱一顿有肉有菜，吃着还行，我不能没有料理包,34799946,0
我从卖相就能看出好不好吃。从视觉方面我觉得能吃的就豆腐和把子肉,1834649887,0
吃了不拉不点赞[脱单doge],441761077,2
我家这比较火的两个小碗菜都是有门面的，最火的那个就在我家楼下，生意很好，味道菜品都很不错[妙啊]。可惜我大学那边没有这种菜馆，难受,309524990,0
来了来了,3.46156E+15,2
太便宜了吧，我正常买一包要8块钱左右。味道要比外面好很多。,522543409,0
我有钱开始淘宝的时候就买过了，而且他们这个还是第一次购买有优惠的，然后我就好几个店铺都卖了一次。有几种确实还可以，但是大部分吃起来口感就很奇怪，就是那种你吃苹果的时候脑子里会有种苹果就是这样的感觉，结果吃起来根本不像。,1716695,0
为什么网页版没点彩呢,13157485,2
目前唯一吃到的不是料理包的快餐，只有老乡鸡[doge],197638745,1
自从医生跟我说少点外卖后，我现在下单前都会用地图搜下店铺，然后看地图上的店面照片，这招排了不少雷，有的实在是一看门面就知道脏到不行,10697280,0
全是科技与狠活儿啊-鳖整多了，整多倒沫子啦！-唉呀妈呀，太好啦，这小味儿嘎一下上来啦！-夹不住了……（冲向厕所??）,57087707,0
有没有稍微贵一些的料理包测评呀,70813045,0
说到外卖料理包，夏天的时候，去一家坛肉店，然后吃了一口发现肉酸了，问老板，老板说，不能呀都是冷冻的呀[藏狐],1471456569,0
能不能评测一些好吃的料理包啊[辣眼睛],85359334,1
料理包我只敢买别人尝试过的牌子虽然贵了点但是便宜的吃完真拉啊,273075727,0
能不能做一期知名大厂的料理包，不想做饭也能吃口热的，谢谢！,97333098,0
可不可以测评一下b站网友所谓的“张总”卖的辣椒酱啊，我想看看健不健康捏[打call],352142037,1
自从知道了有料理包，我就再也不敢点那种秒配送的外卖了[藏狐],479966337,0
有什么敢不敢的，为什么点三块钱的自己心里没数吗，点三块钱的人还在乎这个？有钱谁不喜欢吃好的,87066427,0
方便食品，主要还是靠调料均衡味道,76765035,1
皱着眉头看完的，真是心疼拉子，吃完真变“拉子“了,481123156,0
感谢我这里的消费水平，快餐一个小炒也就11块，还很好吃，现点现炒，家庭风味。,14506598,1
为什么我在网上看到的料理包没有这么便宜[大哭],481429033,0
外卖系列出一期我投币一期[脱单doge],287115955,1
只有自己做过饭才知道，要做出这样的味道需要放多少调料,189934772,0
看在拉泽试毒的份上，给个三连吧，毕竟拿健康拍视频,449343894,0
我好爱吃学校的小碗菜[保卫萝卜_哭哭][保卫萝卜_哭哭],486888774,0
哟哟哟这不是百灵拉吗，几天不见，这么拉了[脱单doge],396014180,1
买的牌子不对，去年买了一次料理包，每包平均四块多，味道都还行,10433889,0
其实用料理包的外卖商家真不多，用最多的是哪些连锁食堂这种。,303275073,0
好了今天的视频就到～这里吧，布谷[滑稽],351415559,0
拉泽哥，我点了个赞，忘看了[傲娇][傲娇],1700770959,0
料理包也比我妈整的好吃，但是我妈最起码能整的干干净净[doge][doge],505419745,0
"玛德，没有链接，买不到
[疼][疼][疼]",346509822,1
如果是科技我选择豆渣 +胶+面+色素+鸡肉香精！这样成本几毛钱就能卖到几块钱啦！,32454039,0
料理包？嗨嗨嗨 都是科技与狠活呀~哥们儿[妙啊],7954902,0
其实一些大牌子的料理包吃着还可以[doge]买点囤着挺方便,416841,0
咋连西红柿鸡蛋都有料理包啊[笑哭],297523643,0
感觉我吃的就是料理包呀，我印象中的料理包肉都很小，并且都是软成一坨的，没想到看起来还是挺有食欲的,475943871,0
在哪买这么便宜的啊，我看的怎么都十包五六十的呢？,2020483678,0
...建议试试，筷乐星厨的。。双汇家的,5862809,0
买贵点的呗，双位数的料理包好吃又不贵，跟外面吃的也差不多[嗑瓜子],94928498,0
正在吃料理包的我看到了这期视频……,357167482,0
你看到9999+是因为很多人点了那种数量很大但是是赠品的产品,252069526,0
但是很奇怪，我直接去外卖店，看着厨师现场锅里炒，十分钟就能出来，尤其是胡萝卜就是那种没怎么炒软还硬的，料理包出不来这样的感觉，我也不知道哪些菜用的料理包。,667858355,0
"如果厂商愿意单卖给我，我还会考虑考虑
但如果它又难吃又贵，抱歉，我把美团删了，宁愿吃泡面也不想当冤种",633662207,0
怎么分辨料理包和正常菜啊,59420354,0
这个把子肉心动了，有人知道咋买吗[跪了],444770103,0
还好，我吃不起外卖，都是自己炒青菜吃[呲牙],1204164894,0
宫保鸡丁，家常豆腐，把子肉。这几个还行,276234056,0
拉子这种还是要少吃的哇 吃多了肚子会疼 三连了,1296234133,0
第一次这么早?c(°°)ノ?,381551251,1
点那种快餐店绝对不是料理包，就是比较贵，没啥优惠。 [笑哭],385867566,0
拉子是不是出一期高端料理包或者平价料理包[doge][doge][doge],5398318,0
料理包买十块钱左右一包的那种，贵一点的试试看[妙啊],7312468,0
刚刚[脱单doge][脱单doge][脱单doge][滑稽]（拉泽哥点个赞吧！）,701569298,0
我现在点炒菜外卖只点我去过的店铺和我们有名的餐厅，其他的一个都不敢点，尤其是那些销量贼高名字网红，莫名其妙的店铺,51988374,0
我想说一下，不要因为好吃就经常点！里面的肉都是合成肉，你以为不会致癌？,1852397528,0
我最近没少吃料理包，一般料理包的肉就是非常软烂，说实话很容易吃出来,14393550,1
这个糖醋里脊是哪个品牌的？,1759685374,0
说实话，比那种脏兮兮的小店干净,289579390,1
晚上好c(???)?!,393876256,1
冒昧地问一下你喜欢吃哪种豆腐，是有汁儿的还是大的[doge][doge][doge],2025034916,1
太好了，终于出这个系列了，一键三连,261533899,0
海斯克科技[OK],516181867,1
有链接吗 我就喜欢吃这种便宜又好吃的,2539950,0
我竟然来的这么早,198512377,0
拉泽哥，月饼已经过季了，可以买些豪华奢侈的月饼了，现在便宜了，例如猫山王榴莲月饼[滑稽],4102352,0
我才知道我吃的小碗菜外卖居然是料理包，亏我还吃了好几次，心碎,178760895,0
中午刚在食堂吃到炸酱面料理包，而且当着面往碗里倒，一点不带回避的[无语],390685762,0
"[doge]百万粉丝了啊
第一次刷到你才30w",29522270,1
想看测评外卖和料理包的盲测对比,24887001,0
之前买过一次料理包，十几块钱三包还挺好吃,74166188,0
这个价格能让我忘掉一切,40810621,1
科技餐[妙啊],340606684,1
这是哪买的啊[辣眼睛]我淘宝29.9买的十袋料理包，味道都在中上，属于非专业厨师做不出来的水准,358838320,0
"想看酱料包！
想看酱料包！
可以弄焖猪脚，凉拌鸡爪的那些！",349977033,0
所以外面上班要吃啥[笑哭]总不能回家煮饭吧中午,225555719,0
有点想要链接[脱单doge],286371764,1
我吃过拼多多的，感觉还行[脱单doge],375472875,0
得让拉子测一下张总的料理包 纯纯的科技与狠活啊[doge],14577597,0
冲冲冲[打call],3261593,0
拉子哥，我太喜欢点赞了[早稻叽_AWSL],1546183925,1
我是第1万个点赞的[doge],1010345907,1
料理包有链接吗[喜欢],676246720,0
[脱单doge][doge][脱单doge]我忘记了你们吃不到，略略略略略略,271329402,0
一般情况下，点外卖不想吃料理包，就是新店跟非常有名的店,350393775,0
[doge],258865170,0
料理包在某种程度上还是比一些外卖商家卫生,443541368,1
vv试试,126822038,0
先赞后看！老习惯！[脱单doge],313243666,0
正规厂家生产的质量比华莱士要好很多吧。,373565130,0
特意堂食现场付款吃的还是料理包，这心情比外卖吃到料理包还难受,470936647,0
来早了,277965987,1
来早了，养会儿弹幕在看[doge],516137720,0
好久不见封神榜了,1725112012,1
本来很喜欢你的[微笑],400639855,0
敬你是条汉子。,14747,0
这种太便宜了，没有什么意义。还是找点8块钱左右的吧。8块钱更符合大多数人会买的价格。,320528235,0
西红柿炒鸡蛋是我食堂的菜[跪了],481312748,0
后排的saber！！,83188913,0
今天难受 不想做饭 出门买了个黄焖鸡19 只有带骨鸡肉 一点青椒 一片香菇片 感觉被坑惨了[热],13045378,0
从拉子60几万粉的时候看到现在107万了，我依然没有关注他[doge],357772199,0
说实话，3快一包的话也不错了,450438129,0
喜欢吃豆腐的小哥哥一枚吖~,159299406,0
[打call],362272287,0
还热乎着呢，趁热吃个晚饭[doge],193939768,1
冲冲冲[打call],111294642,0
怎么感觉之前出过一期[笑哭],42459374,0
地三鲜放郫县豆瓣酱  第一次听说,358570819,0
饮食工业化的后果就是老百姓吃的全是科技整出来的狠活,393275548,0
三连了，拉子回我[傲娇],20607367,1
好家伙，一播放29点赞,1610073818,1
怎么这么多菜都是料理包做的呀[大哭],452964478,1
料理包我只买谷言的。,24940188,0
都吃这个价位的料理包了，难道还要它好吃加有营养。那饭店关门算了,42308139,1
这玩意跟我们学校食堂做的太像了也,49359673,0
币我投过了，今天我请大家看，,438645998,0
有好吃的卤肉料理包推荐么,6466286,0
点外卖直接先看商家介绍。,92716827,0
[疼]糟了，我以为番茄炒蛋不会有料理包,5655580,0
拉子今天又帅了,470146965,1
总感觉料理包只要是肉菜就很难吃[辣眼睛]素菜基本上味道不错[辣眼睛],1043236554,0
ikun集合！,628924986,0
生快[鼓掌][鼓掌],1433144688,0
热乎的 [热],1434971190,0
呦，热乎的[脱单doge],98801112,1
你们这群人都没事干嘛？我以为我是第一个，没想到还有八个,1291054501,0
海克斯主题 [doge],4296224,0
海克斯的料理包[doge],313355745,1
"直接凉着吃？
我比较喜欢加热一下[doge]",526045096,1
投个币补补身体,368046215,0
放学就看到小拉更新，6[doge],453685860,0
都是海克斯科技,38789494,0
必是科技与狠活[doge],38427046,0
全是科技跟狠活啊哥们[doge],274407295,0
up济南哪里的啊,667398295,0
海克斯科技倾情奉献[doge],696627805,0
[锦鲤][锦鲤][锦鲤][锦鲤],18021845,0
有没有可能有些东西陪饭吃才好吃呢,695891136,1
你下期吃点稍微贵点的，3块确实这质量,30583,0
买烹烩煮的啊，贵一点点也就，贼好吃,17129995,0
现在肯老实用料理包都算良心了，有的料理包都不如[大哭],309393025,0
那个把子肉37元，650克，真不便宜啊,531678717,0
那必定全是科技与狠活儿啊哥们儿,15370497,1
请问什么叫小碗菜呀[],5282442,0
谣言止于智者,344777492,0
保质期居然能有12个月，只是吃防腐剂吗[doge],8525644,0
全是科技和狠活,393275548,0
必是科技与狠活啊哥们儿,249854950,0
来晚了[doge],598675475,0
能活就行，买点料理包就当改善生活了,312641698,0
三块料理包就不敢吃了吗，我可是吃了一块三的自热饭吃了一个月[doge],13555766,0
哈哈哈,439552886,0
本来还挺喜欢你的[doge],10914494,0
现在都不点这种料理包了，牛肉面、螺蛳粉、渔粉之类的用完灰膊攀来块钱,5480819,0
并夕夕美食界的最强王者[脱单doge],434786399,0
老老实实吃食堂两块钱套餐，外面便宜的肯定不行,261129241,0
3块钱就能买包方便面吧[笑哭],286653,0
有没有能吃还便宜的料理包，十元左右,386048553,0
还好我用的是6元的料理包,7370927,1
我太喜欢白嫖了！,442427929,0
全是科技与狠活,472902392,0
海克斯科技,256745243,0
我觉得你有可能吃太多了[滑稽],389288634,0
来咯来咯,3782580,0
全是科技与狠货啊哥们儿[脱单doge],524750974,0
海 克 斯 科 技,562288729,0
豆腐好吃，是因为本身就便宜[doge],438438040,0
很重的调料掩盖食材的不新鲜,8584790,0
全是科技与狠活啊兄弟们,317677488,0
哈哈哈哈哈那我还挺狠的，我吃外卖没有肚子疼过,497820337,0
下次试试6快的料理包吧 [脱单doge],15811385,0
感觉囤这个比囤泡面好，我准备囤一点,1656053050,0
我已经开始自己热外卖包了，我不需要别人坑我了[doge][doge],175522713,0
全是科技与狠活啊，吃了头发全掉光啊,408018909,0
饲料还是选贵点的吧,251189,1
[豹富],673493618,0
价格三元的泡面怎么说[doge][脱单doge],386484232,0
刷到了！两分钟！,627875575,0
科技与狠活,617873765,0
外卖买炒饭就好，一般都不是料理包,282854368,0
666,4040113,0
给up三连=give up三连=白嫖,480289202,1
便宜的外卖的大可能是料理包,11584450,0
我看了还挺想吃的。。那几个正常一点的。。,30857026,1
科技大餐,8405542,1
然而现在外卖三十几，没多少东西，还全是微波加科技,285898228,0
我太喜欢白嫖了！,76682131,0
才知道拉子是济南人啊,480406263,1
全是科技和狠活啊[doge],516137747,0
我太喜欢白嫖啦,2755993,1
上链接！,19058692,0
海克斯科技,1025528936,0
我们学校食堂的就是料理包还贼贵,410272132,0
所以我用零花钱买了亿点点??,1505569988,1
你们唾弃的食物在我眼里就是山珍海味[大哭],491082784,0
亲眼见到过……，只能说少点外卖吧,1041101406,1
你这期料理包怎么藏了这么多只因？,202637828,0
我都愿意花三块钱了我还在意健康不健康？,1756310848,1
居然来这么早？没破百？,243872100,0
@魏小窝窝 看,7968524,0
还以为会送去检测呢，结果只是试吃而已,238161,0
这么便宜[哦呼],11382099,0
今天是一期 伤身视频，就不白嫖了[辣眼睛],13395158,0
全是科技狠活啊哥么,36206557,0
三块钱赚10多块钱，外卖真赚钱,352359374,0
是你 星野源[脱单doge],28317331,0
全是海克斯科技[脱单doge],1791494191,0
[脱单doge],486717365,1
没有鱼香肉丝我不是很认可[doge][doge][doge],28002299,0
这是新的！,549301102,0
酸辣土豆丝没有料理包的吗,108401100,0
能不能测薯片[嗑瓜子],494005070,0
第一个宫保鸡丁看着还不错,33061104,0
拉子居然百万了[脱单doge],297192086,0
五分钟还能吃[OK],2111182296,0
省流：没有封神,214045141,0
省流：拉泽说自己喜欢吃豆腐,514735971,1
小拉子频道[doge],34535236,0
我想吃小拉泽豆腐！,18688805,0
吃炒粉吧 那玩意 炒个几分钟就够了 也没有料理包,362008457,0
现在做餐饮行业 没人愿意做老字号，都是想着赚快钱，怎么坑怎么来。,108747540,0
外卖料理包能理解，但是手工费我就不理解了,1653685647,0
千万不能让我妈看到[],51474066,0
@中国食品报 嗨呀 是你吗??,438640978,0
吃牛肉板面再也不敢加豆腐把子肉了[doge],244688174,0
省流：喜欢吃豆腐[doge],545111316,0
拉毛裤的小穿泽[doge],18046466,0
吃完不会寄了吧 没下期了[doge],68501786,0
里脊，鸡肉？6,416037049,0
刚刚[脱单doge],542125394,0
你是。。哪个人的公司的吗？怎么风格完全一样,259477912,0
[脱单doge],627323987,1
省流:只因哥专场,47220673,0
这只鸡缺少锻炼，虚弱无力。[微笑]感觉在说我[辣眼睛],416182069,0
四分钟[脱单doge],415425912,1
省流：只因哥[doge],1241629253,0
玩一把,505370816,0
我们这儿九块钱一斤鸡胸肉,273708377,0
一个小时,1338604491,0
食材大部分都是只因，确从不提只因[歪嘴]~,200336882,0
我想买点3块的,3697752,0
连锁店都是料理包,418451399,0
盖浇饭,434837206,0
省流：压岁钱,66731897,0
链接来一个,8645443,0
[脱单doge],473293537,0
太下饭了吧[歪嘴],267935849,0
[脱单doge][脱单doge],1005340459,0
[OK],22579192,0
全是科技与狠活[脱单doge],641676727,583
"3元外卖料理包，你敢吃吗?全是科技与狠活?

【总结】
妖魔榜:  地三鲜料理包、糖醋里脊料理包、土豆牛肉料理包、黄焖鸡料理包、台式卤肉饭料理包、咖喱鸡块...",456338286,1822
"想了个科幻小短片的大纲[嗑瓜子]
因为城市化所有居民集中到大城市
平原变成大农场
山川变成自然景区与无人区
城市里因料理包的出现使绝大多数的厨师失业
普通老百姓也因为买不到蔬菜与粮食
与越来越长的工作时间
变得只能吃料理包与速热米饭
上层人事却可以享受由大厨烹饪的定制美食
并用各种手段剥削与分化底层民众",11939122,58
！！,19707294,0
毛裤哥小拉泽,430573951,0
省流：有只因,429523004,0
[尴尬] 我不敢吃,257598629,1
3块钱你还要啥自行车[脱单doge],595803315,0
[嗑瓜子][嗑瓜子][嗑瓜子][嗑瓜子],328479047,0
[口罩][口罩][口罩],1193533970,0
我天天吃,27175182,0
这哪个平台买的,385639563,0
喜欢吃带汁水的豆腐--------------------------------------------------------------------------------------------------------------------------------------------------------------------------------------------------------------------------------------------------------------------------------------------------------------------------------------------------------------------------------------------------------------------------------------------------------------------------------------------------------------------------------------------------------------------------------------------------------------------------------------------------------------------------------------臭豆腐,1816335587,0
"这是一首藏头诗:

不须沈水自然香,
瞒不过主腰胸带。
你从前入道未是，
说英谁是英。
白日放歌须纵酒，
嫖姚何日破重围。
好是春风湖上亭 ，
爽气朝来万里清。
三万里河东入海，
连山断处大江流。
别巷寂寥人散后，
想见城南春水深。

如何独得百丈索,
有人夺得玄珠饵。
看是处春回柳眼，
到如今犹宿花阴。
送春争得不殷勤, 
我醉只知今夜月。
上言二年隔烟水，
去年却下七里滩。
[tv_doge][tv_doge]",2135855714,0
飞哥不畏资本，不爱财，怒删千万粉账号只为警醒被愚弄包围的我们，其抵制苛性氢，脱碳甲醛，二零醚、正氧烷、氧乙烯、零醇、氢氧化氢、脱碳甲醛、一氧化二氢、氢化超氧酰、脱氰零醛肟、二聚氢氧酸酐、氢化脱磺硫酸、氧化脱羧甲酸、氢化脱苄苯甲醇、氢化脱硝硝酸、氢化脱氰氰酸、氢碱酸羟基氢，氧烷，零醇，氢氧化氢，一氧化二氢的行为，引领我们回归健康自然的古法制造，表达了古代健康自然生活真善美，是抗击现代科技化食品先锋，牲受我们嘻爱,342163312,1
"这是一首藏头诗:

不须沈水自然香,
瞒不过主腰胸带。
你从前入道未是，
 说英 雄谁是英雄。
白日放歌须纵酒，
嫖姚何日破重围。
好是春风湖上亭 ，
爽气朝来万里清。
三万里河东入海，
连山断处大江流。
别巷寂寥人散后，
想见城南春水深。

如何独得百丈索,
有人夺得玄珠饵。
看是处春回柳眼，
到如今犹宿花阴。
送春争得不殷勤,
我醉只知今夜月。
上言二年隔烟水，
去年却下七里滩。",341138072,0
"3元外卖料理包，你敢吃吗?全是科技与狠活?

1.宫保鸡丁料理包 3.87元/220克

00:46 【尝后感】
内含鸡丁、胡萝卜丁、笋丁、青豆，微辣，有...",426048979,1
感觉这些都是饭店剩下的残饭，然后进厂随便加工加添加剂，有点估计还没加，那西红柿鸡蛋，西红柿都没味了，就是时间放久了，拿番茄酱来填味，这些都是放久了的吧，若是还能吵的话估计还得给顾客回锅，毕竟这不浪费粮食的品行也不是一时了，有几次我吃那个糖醋排骨，一股工厂味道，吃起来冷淡无味，只有添加剂吃完就呕了，真咽不下去。,567967612,2
看你这么久视频了必须吐槽一下，俺闺女今年才5岁，自从跟着我看了你拉泽的视频以后整个人都不正常了，现在吃饭也不正经吃了，那天来了一句“我太喜欢当人了”，给孩子她奶奶都整懵了！我家小公主变神经了！强烈要求你小拉泽，拍一期正正经经的视频，给你的幼年粉丝朋友们做一期正能量的教育视频。告诉孩子们要做个正常人！,288747727,2
"所以我用@三B，Q到一cc，白嫖怪Y包回恚小夥伴就@些白嫖怪，r格全都在三B以下，很多呢都是拉子常要的三B，今天我就就用@l，跟大家要三B，看看究竟是一泡怎拥奈兜溃麻┐蠹夷蛳茸後看，阿里Q多 Thank you 思密_，我太喜gc了
大家:我太喜g白嫖了[doge]",249145201,0
"外卖之类的不敢苟同，我也没没叫外卖，但干净与否仁者见仁了。
楼下买个15买个麻辣烫还不是外卖，吃完面了，其他东西没吃然后看见个死苍蝇，就昨天下午。
我瞬间恶心了，拿回去退15块钱跟我说声不好意思对不起，晚上川西了",64889463,0
我点外卖只是因为我没时间做饭 或者我所在的蒂法条件不允许我做饭 但你给我弄料理包是几个意思?那我不如直接自己买料理包不行吗我加价买你加工过的料理包?这是纯纯的把我大冤种?[doge],27630947,9
小拉泽你上日本节目了【它怎么可以卖得这么贵？日本报道中国将实施政策严格规范月饼市场(中日双语)(22/08/29)-哔哩哔哩】 https://b23.tv/0EVdf6r,402575199,2
[tv_冷漠]现在的商场餐饮大体分为两种……一种是中央厨房，一种是料理包…………所以，建议吃饭还是老老实实下馆子或者自己做………商场那种餐饮……还不如老城区路边家常菜馆实在,3507627,1
不好意思 打扰大家 找工作被坑 有好心人请吃个饭的吗 真心求口吃的 对不起 对不起 谢谢兄弟们 照顾好自己 注意防护 注意安全抱歉 打扰了,413043787,1
不好意思 打扰大家 找工作被坑 有大哥请吃个饭的吗 对不起 对不起 谢谢兄弟们 照顾好自己  保护好自己注意防护 注意安全抱歉 打扰了,413043787,1
我之前去店里点个土豆牛肉饭，因为这种饭外卖都很难吃嘛，还用料理包，我就去店里吃的。结果端上来，还是用料理包加热的，贼难吃[热],15700981,1
最近买了一盒卤肉饭，8块，恶心死我了，从小到大就一次43度高烧让我食欲不振，这次让我又体验了一遍[][原神_G嘿],652373321,0
如果我三连了，拉子就会继续做这种题材的视频，那样太伤身体了。为了拉子，我要白嫖[doge][doge][doge],7516645,22
刚毕业求职就被骗光了[委屈] 求支援50吃饭…缓解几天就还[奥比岛_委屈][奥比岛_委屈][奥比岛_委屈],1578831285,0
餐饮是平民最后一根稻草，如果吃的东西都被资本家用料理包霸占，那么平民以后和养殖场里的动物就没有任何区别了,1678967623,0
上学期买了23块8包，那个台式卤肉，跟84味样的[洛天依_看透一切]然后全丢了[洛天依_掀桌]血亏23,227814733,0
"我还不知道它不如饭菜吗？[微笑]
外卖用料理包普遍共识，只能跳过中间商
不是为了省钱，谁会吃这东西",253012385,3
有没有人说你吃饭很作？还有这种测评的意义就是 水煮鱼料理包里面有鱼？火锅底料里面有肉有毛肚？》,4765443,0
想要三连就把料理包链接私聊发我！[嗑瓜子][嗑瓜子][嗑瓜子][嗑瓜子][嗑瓜子][嗑瓜子],303733408,1
土豆炖什么土豆炖牛肉我问你土豆炖什么土豆炖只因肉我问你土豆炖什么，土豆炖土豆算你素菜价行了吧,650424827,1
为什么我关注的所有up都是小黑子啊[doge]真就蛮神奇的[脱单doge][脱单doge],57094913,2
b站还是有些正常人，但是也有不少“小学生”看了几个反智视频或者本身就反国，就搁着各种秀智商,329813872,0
毕业出来找工作被骗了[委屈] 求助五十吃几天饭，过几天工作了就还[爱心][爱心][爱心],14171885,0
朋友，一块钱的馕，你不吃出个线来     你还想吃出个地毯来呢吗    唉 嗨嗨嗨嗨嗨！,2113488,0
才三块钱 吃不死人就算成功了 就和那些评测泡面健不健康的似 都吃泡面了还在乎健不健康？,210727,0
这特么不是我昨天晚上点过的嘛[辣眼睛]这么便宜我还用了红包都花了我十八块[热][热],690873714,1
学校外面很多用买卖包的店面，有家什么外婆家卤肉饭，土豆没土豆味，牛肉也没牛肉味，难吃,261129241,0
我去楼下的沙县小吃，点的快餐感觉也是料理包，难吃的要命， 而且没有看见他炒的过程。,12667975,0
评论区说合法的就快去吃吧！多买点！生活水平都到吃合法的就行了的地步了！[辣眼睛],1102600346,0
【看张总如何教你创业??-哔哩哔哩】 https://b23.tv/iwm7nvP,453415706,0
以后尝个味儿就吐了吧，感觉这些东西对身体也不健康。[给心心][给心心][给心心],479936988,0
拉泽，你去搜一下，B站真的有一个叫劣质罐头的up主，还是美女[脱单doge],652252928,1
《关于我关注的up都是小黑子的这件事我觉得那种事情太棒了！》[doge],4100745,1
是不是要20元的料理包你们才放心？然后别人外卖卖40给你们就开心了是吧,21785857,0
关注拉子挺久了但是真的挺烦玩梗的。。给个[热词系列_三连]当退会费了,3910190,1
符合国标你还有啥可说的？是不是想把低价产品一棒子打死？低价有罪论？,14363313,1
白嫖大会员[doge]→http://b23.tv/j0rQzU,1188783271,4
料理包你自己买不符合国家认证标准的，还发视频求赞，不知道图什么。,11553986,3
原来我们学校的食堂是用料理包做的。md一道菜还买我8块，赚翻了,1821222090,0
外面用的料理包都是7元往上的，你这两三块钱的太劣质了[滑稽],347983035,0
这不是低价了，这算骨折后骨头都被狗吃了的价钱了吧[doge],487098007,0
兄弟们你们等着以后等拉子不拍视频了咱们算算他到底有多少压岁钱,1143535117,0
up的品控有点差啊，你干外卖就只能收割一次用户[doge],8611209,0
关于我关注的up主都是小黑子这件事[doge][doge],1272778769,0
三花淡奶喝出骨头汤的味？你的舌头才是最大的科技与狠活吗,274304894,6
https://b23.tv/BV1fP41137kr,1506374148,0
https://b23.tv/BV1fP41137kr,76745087,0
这玩意就像方便面，tmd都吃上这了，还在乎健康[笑哭],1778964803,0
https://b23.tv/BV1gY4y1N7Ye,1184678195,0
帅小伙要是有你半点心理承受能力也不至于删视频了[吃瓜],442870207,0
曾几何时，拉子还自己做东西，给大家表演[tv_腼腆],413033690,2
我都穷的吃两块三块一顿了。还讲健不健康？命长不长？,209628,0
[热词系列_好耶][doge][doge][妙啊],1042469743,0
这些料理包还不如路边的盒饭摊，花个十几块就能吃饱。,433797920,0
拉子，真的爱护身体，少吃点这些[保卫萝卜_哭哭],38517131,7
真的 拉子少吃这些个，别日积月累地拍把身体搞坏了,7021781,3
@JAEMIN的pabo 宝贝贝，外卖脏脏[吐],85181440,2
别搞笑，要是真卖不了，年年315上说的是故事是吧,476421679,1
便宜的拍完可以拍高端的了是吧拉子[脱单doge],77495000,1
窝喜欢吃丰满滴豆腐[星星眼][星星眼][星星眼],2005744767,0
每日装逼，每日废话，每日自己很帅[脱单doge],541399139,0
难怪好多小碗菜都没有清炒蔬菜[保卫萝卜_哭哭],4878712,0
三块钱你能指望有啥牛肉[doge][doge],1286917734,0
工业化三餐再来个AI女友，老子直接成为银翼杀手,61445695,0
传下去，小拉泽喜欢吃有汁水的豆腐[doge],326357128,5
[2233娘_无言]我想吃糖醋里脊盖饭惹喵,384164,1
来了来了来了来了来了来了，这吃了拉某不得拉,1783454097,0
这种东西在学校食堂天天吃，卖你1718,310977095,1
《关于我关注的小黑子都是up主这件事》,673503862,1
保质期一年的菜你敢吃？ 福尔马林泡的吧,308747044,0
想买点把子肉那个试试[脱单doge],1867946338,6
传下去，拉子喜欢吃软豆腐[doge],587512503,2
两硬币众筹一期五元以上的料理包！！！,400726029,1
现在视频没有点踩这个选项了么已经？,319853516,4
笑死，除了科技与狠活就不会说别的了,8606124,3
你们培训出来的都喜欢开头这么浮夸吗,208651472,1
太卷了，介币我给了这种还是少做点吧,37427074,0
弹幕能不能别刷那些废话了？真是服了,344990241,0
吃 肯定是能吃 吃多了肯定完犊子,3.46158E+15,0
给厨师留条路吧，料理包不是好东西,389132085,0
百万粉就开始水了[脱单doge],343216353,0
几块钱的东西全是妖魔榜和凡人榜？,35125554,0
看拉子的视频心情就是very古德,391604913,0
真把卤蛋的话奉为圭臬也太魔幻了,8606124,0
3块钱的料理包，要啥自行车啊？,33503759,0
我一勺三花淀粉！[原神_哼],3.46157E+15,1
求个链接 这对穷人真的很重要,16001224,1
这么便宜有店铺名字或者链接吗,243878512,0
三餐食客就卖这嘛[doge],283287494,0
拉毛裤的小川泽[doge],114172692,3
小黑子露出鸡脚了吧[生气],17445475,1
你不是那个摇头卤蛋的水军吧,326267827,0
拉泽百万了，一人血书求女装,592031408,0
原来这里也有小黑子[微笑],1475994052,0
小黑子 没有鸡脚[吃瓜],516181867,4
几块钱你想吃啥竟是事。艹,317498979,1
喜欢吃带汁水的豆腐臭豆腐,1816335587,0
换个名字叫预制菜身价百倍,44327143,0
害怕拉子拍完这期直接掉毛,3370352,0
小泽拉穿的毛裤[星星眼],204480602,0
@劣质罐头 [doge],1494563175,0
少吃点吧，吃多了倒沫子了,25550608,0
拉子今天钠摄入严重超标,31719067,1
还胃里翻江倒海 吹吧你,400904316,0
[热词系列_知识增加],1602475924,0
[热词系列_知识增加],433696504,0
拉子拉了[doge],240414912,1
他手不动是说不了话吗,39000719,0
已[热词系列_三连],89530184,0
居然都敢吃，也是狠人,511674350,0
阿里嘎多3q思密达,1945241528,5
一听就是山东人哈哈,186360220,1
[tv_doge],4966070,0
省流：一堆只因肉,678922778,11
没给名字，怎么买,539930054,0
没有蔬菜的菜可以,1754376,0
吃完寿命掉光光啊,10326003,0
拉泽你身体还好吗,328530192,0
穿泽拉的小毛裤,319125164,4
[原神_G嘿],1418241775,0
看起来就好难吃,4078130,0
拉子口才真不戳,195244678,0
省流：全部拉胯,155112208,0
"3小时,凉了",1177394303,1
吃不死人就行,386174524,1
你才外卖小哥,1876132051,0
越看越像???,325505371,0
省流:小黑子,524657874,0
暗藏玄只因,525241475,5
这都能火?,35421625,1
中国人敢吃,168873635,0
巴拉巴拉吧,5142916,0
穷，都能吃,497008994,0
测水饺血书,220810164,0
你个小黑子,3.46157E+15,0
我特么来了,275506882,0
笑死我了,287110301,1
拉屎好爽,5559736,1
《豆腐》,8859296,1
挖槽好早,310838141,1
@丁厌i,33436381,0
我我我我,2198460,0
斯巴拉西,663965625,0
夹不住了,21823161,0
炫我嘴里,499295480,0
狼行？,3982320,0
抽我的,5008503,0
坤无力,1009828361,0
111,630453288,0
??,1300975629,0
你,671329162,0
1,1088882891,0
